id;iterations;dim;time;checksum;seed
reference/baseline;100;32768;2328.98;12679327-12670776-12689068-12691941-12691084-12694893-12679945-12672771;42
reference/baseline;100;32768;2329.37;12679327-12670776-12689068-12691941-12691084-12694893-12679945-12672771;42
reference/baseline;100;32768;2329.16;12679327-12670776-12689068-12691941-12691084-12694893-12679945-12672771;42
reference/baseline;100;32768;2329.28;12679327-12670776-12689068-12691941-12691084-12694893-12679945-12672771;42
reference/baseline;100;32768;2329.14;12679327-12670776-12689068-12691941-12691084-12694893-12679945-12672771;42
reference/baseline;100;32768;2329.16;12679327-12670776-12689068-12691941-12691084-12694893-12679945-12672771;42
reference/baseline;100;32768;2329.13;12679327-12670776-12689068-12691941-12691084-12694893-12679945-12672771;42
reference/baseline;100;32768;2328.89;12679327-12670776-12689068-12691941-12691084-12694893-12679945-12672771;42
reference/baseline;100;32768;2328.98;12679327-12670776-12689068-12691941-12691084-12694893-12679945-12672771;42
reference/baseline;100;32768;2329.29;12679327-12670776-12689068-12691941-12691084-12694893-12679945-12672771;42
reference/baseline;10000;2048;879.308;15435-15464-14658-15267-15188-15107-14944-15355;42
reference/baseline;10000;2048;879.174;15435-15464-14658-15267-15188-15107-14944-15355;42
reference/baseline;10000;2048;878.518;15435-15464-14658-15267-15188-15107-14944-15355;42
reference/baseline;10000;2048;878.207;15435-15464-14658-15267-15188-15107-14944-15355;42
reference/baseline;10000;2048;878.205;15435-15464-14658-15267-15188-15107-14944-15355;42
reference/baseline;10000;2048;878.482;15435-15464-14658-15267-15188-15107-14944-15355;42
reference/baseline;10000;2048;878.164;15435-15464-14658-15267-15188-15107-14944-15355;42
reference/baseline;10000;2048;878.378;15435-15464-14658-15267-15188-15107-14944-15355;42
reference/baseline;10000;2048;878.279;15435-15464-14658-15267-15188-15107-14944-15355;42
reference/baseline;10000;2048;878.241;15435-15464-14658-15267-15188-15107-14944-15355;42
reference/baseline;100;16384;570.131;3179756-3167513-3171884-3162178-3168705-3167231-3170386-3160206;42
reference/baseline;100;16384;570.099;3179756-3167513-3171884-3162178-3168705-3167231-3170386-3160206;42
reference/baseline;100;16384;570.117;3179756-3167513-3171884-3162178-3168705-3167231-3170386-3160206;42
reference/baseline;100;16384;570.13;3179756-3167513-3171884-3162178-3168705-3167231-3170386-3160206;42
reference/baseline;100;16384;570.072;3179756-3167513-3171884-3162178-3168705-3167231-3170386-3160206;42
reference/baseline;100;16384;570.059;3179756-3167513-3171884-3162178-3168705-3167231-3170386-3160206;42
reference/baseline;100;16384;570.025;3179756-3167513-3171884-3162178-3168705-3167231-3170386-3160206;42
reference/baseline;100;16384;570.046;3179756-3167513-3171884-3162178-3168705-3167231-3170386-3160206;42
reference/baseline;100;16384;570.003;3179756-3167513-3171884-3162178-3168705-3167231-3170386-3160206;42
reference/baseline;100;16384;570.072;3179756-3167513-3171884-3162178-3168705-3167231-3170386-3160206;42
reference/baseline;1000;8192;1407.92;355861-363108-365343-361855-360039-363070-364987-360278;42
reference/baseline;1000;8192;1407.93;355861-363108-365343-361855-360039-363070-364987-360278;42
reference/baseline;1000;8192;1407.87;355861-363108-365343-361855-360039-363070-364987-360278;42
reference/baseline;1000;8192;1407.87;355861-363108-365343-361855-360039-363070-364987-360278;42
reference/baseline;1000;8192;1408.47;355861-363108-365343-361855-360039-363070-364987-360278;42
reference/baseline;1000;8192;1407.94;355861-363108-365343-361855-360039-363070-364987-360278;42
reference/baseline;1000;8192;1408.34;355861-363108-365343-361855-360039-363070-364987-360278;42
reference/baseline;1000;8192;1408;355861-363108-365343-361855-360039-363070-364987-360278;42
reference/baseline;1000;8192;1407.96;355861-363108-365343-361855-360039-363070-364987-360278;42
reference/baseline;1000;8192;1407.91;355861-363108-365343-361855-360039-363070-364987-360278;42
reference/baseline;1000;4096;358.212;89035-90350-90034-91756-94165-89991-92465-86116;42
reference/baseline;1000;4096;358.151;89035-90350-90034-91756-94165-89991-92465-86116;42
reference/baseline;1000;4096;358.186;89035-90350-90034-91756-94165-89991-92465-86116;42
reference/baseline;1000;4096;358.186;89035-90350-90034-91756-94165-89991-92465-86116;42
reference/baseline;1000;4096;358.24;89035-90350-90034-91756-94165-89991-92465-86116;42
reference/baseline;1000;4096;358.193;89035-90350-90034-91756-94165-89991-92465-86116;42
reference/baseline;1000;4096;358.207;89035-90350-90034-91756-94165-89991-92465-86116;42
reference/baseline;1000;4096;358.165;89035-90350-90034-91756-94165-89991-92465-86116;42
reference/baseline;1000;4096;358.18;89035-90350-90034-91756-94165-89991-92465-86116;42
reference/baseline;1000;4096;358.165;89035-90350-90034-91756-94165-89991-92465-86116;42
reference/naive-bitwise;10000;2048;224.839;15435-15464-14658-15267-15188-15107-14944-15355;42
reference/naive-bitwise;10000;2048;224.865;15435-15464-14658-15267-15188-15107-14944-15355;42
reference/naive-bitwise;10000;2048;224.848;15435-15464-14658-15267-15188-15107-14944-15355;42
reference/naive-bitwise;10000;2048;224.825;15435-15464-14658-15267-15188-15107-14944-15355;42
reference/naive-bitwise;10000;2048;224.862;15435-15464-14658-15267-15188-15107-14944-15355;42
reference/naive-bitwise;10000;2048;224.844;15435-15464-14658-15267-15188-15107-14944-15355;42
reference/naive-bitwise;10000;2048;224.877;15435-15464-14658-15267-15188-15107-14944-15355;42
reference/naive-bitwise;10000;2048;224.875;15435-15464-14658-15267-15188-15107-14944-15355;42
reference/naive-bitwise;10000;2048;224.874;15435-15464-14658-15267-15188-15107-14944-15355;42
reference/naive-bitwise;10000;2048;224.873;15435-15464-14658-15267-15188-15107-14944-15355;42
reference/naive-bitwise;1000;4096;61.7711;89035-90350-90034-91756-94165-89991-92465-86116;42
reference/naive-bitwise;1000;4096;61.7568;89035-90350-90034-91756-94165-89991-92465-86116;42
reference/naive-bitwise;1000;4096;61.7638;89035-90350-90034-91756-94165-89991-92465-86116;42
reference/naive-bitwise;1000;4096;61.7776;89035-90350-90034-91756-94165-89991-92465-86116;42
reference/naive-bitwise;1000;4096;61.7944;89035-90350-90034-91756-94165-89991-92465-86116;42
reference/naive-bitwise;1000;4096;61.7687;89035-90350-90034-91756-94165-89991-92465-86116;42
reference/naive-bitwise;1000;4096;61.7785;89035-90350-90034-91756-94165-89991-92465-86116;42
reference/naive-bitwise;1000;4096;61.7717;89035-90350-90034-91756-94165-89991-92465-86116;42
reference/naive-bitwise;1000;4096;61.7738;89035-90350-90034-91756-94165-89991-92465-86116;42
reference/naive-bitwise;1000;4096;61.7666;89035-90350-90034-91756-94165-89991-92465-86116;42
reference/naive-bitwise;1000;8192;268.099;355861-363108-365343-361855-360039-363070-364987-360278;42
reference/naive-bitwise;1000;8192;268.06;355861-363108-365343-361855-360039-363070-364987-360278;42
reference/naive-bitwise;1000;8192;267.99;355861-363108-365343-361855-360039-363070-364987-360278;42
reference/naive-bitwise;1000;8192;267.997;355861-363108-365343-361855-360039-363070-364987-360278;42
reference/naive-bitwise;1000;8192;268.033;355861-363108-365343-361855-360039-363070-364987-360278;42
reference/naive-bitwise;1000;8192;268.033;355861-363108-365343-361855-360039-363070-364987-360278;42
reference/naive-bitwise;1000;8192;268.055;355861-363108-365343-361855-360039-363070-364987-360278;42
reference/naive-bitwise;1000;8192;282.361;355861-363108-365343-361855-360039-363070-364987-360278;42
reference/naive-bitwise;1000;8192;268.094;355861-363108-365343-361855-360039-363070-364987-360278;42
reference/naive-bitwise;1000;8192;268.025;355861-363108-365343-361855-360039-363070-364987-360278;42
reference/naive-bitwise;100;16384;95.0721;3179756-3167513-3171884-3162178-3168705-3167231-3170386-3160206;42
reference/naive-bitwise;100;16384;112.262;3179756-3167513-3171884-3162178-3168705-3167231-3170386-3160206;42
reference/naive-bitwise;100;16384;95.0714;3179756-3167513-3171884-3162178-3168705-3167231-3170386-3160206;42
reference/naive-bitwise;100;16384;95.0627;3179756-3167513-3171884-3162178-3168705-3167231-3170386-3160206;42
reference/naive-bitwise;100;16384;95.0704;3179756-3167513-3171884-3162178-3168705-3167231-3170386-3160206;42
reference/naive-bitwise;100;16384;112.288;3179756-3167513-3171884-3162178-3168705-3167231-3170386-3160206;42
reference/naive-bitwise;100;16384;102.034;3179756-3167513-3171884-3162178-3168705-3167231-3170386-3160206;42
reference/naive-bitwise;100;16384;102.044;3179756-3167513-3171884-3162178-3168705-3167231-3170386-3160206;42
reference/naive-bitwise;100;16384;95.0524;3179756-3167513-3171884-3162178-3168705-3167231-3170386-3160206;42
reference/naive-bitwise;100;16384;111.54;3179756-3167513-3171884-3162178-3168705-3167231-3170386-3160206;42
reference/naive-bitwise;100;32768;440.881;12679327-12670776-12689068-12691941-12691084-12694893-12679945-12672771;42
reference/naive-bitwise;100;32768;432.539;12679327-12670776-12689068-12691941-12691084-12694893-12679945-12672771;42
reference/naive-bitwise;100;32768;431.874;12679327-12670776-12689068-12691941-12691084-12694893-12679945-12672771;42
reference/naive-bitwise;100;32768;428.631;12679327-12670776-12689068-12691941-12691084-12694893-12679945-12672771;42
reference/naive-bitwise;100;32768;438.462;12679327-12670776-12689068-12691941-12691084-12694893-12679945-12672771;42
reference/naive-bitwise;100;32768;437.695;12679327-12670776-12689068-12691941-12691084-12694893-12679945-12672771;42
reference/naive-bitwise;100;32768;425.914;12679327-12670776-12689068-12691941-12691084-12694893-12679945-12672771;42
reference/naive-bitwise;100;32768;430.759;12679327-12670776-12689068-12691941-12691084-12694893-12679945-12672771;42
reference/naive-bitwise;100;32768;430.697;12679327-12670776-12689068-12691941-12691084-12694893-12679945-12672771;42
reference/naive-bitwise;100;32768;439.746;12679327-12670776-12689068-12691941-12691084-12694893-12679945-12672771;42
reference/popc-bitwise;10000;2048;172.022;15435-15464-14658-15267-15188-15107-14944-15355;42
reference/popc-bitwise;10000;2048;172.004;15435-15464-14658-15267-15188-15107-14944-15355;42
reference/popc-bitwise;10000;2048;171.995;15435-15464-14658-15267-15188-15107-14944-15355;42
reference/popc-bitwise;10000;2048;171.991;15435-15464-14658-15267-15188-15107-14944-15355;42
reference/popc-bitwise;10000;2048;171.918;15435-15464-14658-15267-15188-15107-14944-15355;42
reference/popc-bitwise;10000;2048;171.993;15435-15464-14658-15267-15188-15107-14944-15355;42
reference/popc-bitwise;10000;2048;171.96;15435-15464-14658-15267-15188-15107-14944-15355;42
reference/popc-bitwise;10000;2048;171.93;15435-15464-14658-15267-15188-15107-14944-15355;42
reference/popc-bitwise;10000;2048;171.921;15435-15464-14658-15267-15188-15107-14944-15355;42
reference/popc-bitwise;10000;2048;171.919;15435-15464-14658-15267-15188-15107-14944-15355;42
reference/popc-bitwise;1000;4096;56.5899;89035-90350-90034-91756-94165-89991-92465-86116;42
reference/popc-bitwise;1000;4096;56.5593;89035-90350-90034-91756-94165-89991-92465-86116;42
reference/popc-bitwise;1000;4096;56.5751;89035-90350-90034-91756-94165-89991-92465-86116;42
reference/popc-bitwise;1000;4096;56.5813;89035-90350-90034-91756-94165-89991-92465-86116;42
reference/popc-bitwise;1000;4096;56.5677;89035-90350-90034-91756-94165-89991-92465-86116;42
reference/popc-bitwise;1000;4096;56.6004;89035-90350-90034-91756-94165-89991-92465-86116;42
reference/popc-bitwise;1000;4096;56.5527;89035-90350-90034-91756-94165-89991-92465-86116;42
reference/popc-bitwise;1000;4096;56.6003;89035-90350-90034-91756-94165-89991-92465-86116;42
reference/popc-bitwise;1000;4096;56.5822;89035-90350-90034-91756-94165-89991-92465-86116;42
reference/popc-bitwise;1000;4096;56.5944;89035-90350-90034-91756-94165-89991-92465-86116;42
reference/popc-bitwise;1000;8192;198.141;355861-363108-365343-361855-360039-363070-364987-360278;42
reference/popc-bitwise;1000;8192;198.244;355861-363108-365343-361855-360039-363070-364987-360278;42
reference/popc-bitwise;1000;8192;198.178;355861-363108-365343-361855-360039-363070-364987-360278;42
reference/popc-bitwise;1000;8192;198.115;355861-363108-365343-361855-360039-363070-364987-360278;42
reference/popc-bitwise;1000;8192;206.057;355861-363108-365343-361855-360039-363070-364987-360278;42
reference/popc-bitwise;1000;8192;198.114;355861-363108-365343-361855-360039-363070-364987-360278;42
reference/popc-bitwise;1000;8192;198.14;355861-363108-365343-361855-360039-363070-364987-360278;42
reference/popc-bitwise;1000;8192;198.109;355861-363108-365343-361855-360039-363070-364987-360278;42
reference/popc-bitwise;1000;8192;198.108;355861-363108-365343-361855-360039-363070-364987-360278;42
reference/popc-bitwise;1000;8192;198.114;355861-363108-365343-361855-360039-363070-364987-360278;42
reference/popc-bitwise;100;16384;81.802;3179756-3167513-3171884-3162178-3168705-3167231-3170386-3160206;42
reference/popc-bitwise;100;16384;77.5468;3179756-3167513-3171884-3162178-3168705-3167231-3170386-3160206;42
reference/popc-bitwise;100;16384;85.7084;3179756-3167513-3171884-3162178-3168705-3167231-3170386-3160206;42
reference/popc-bitwise;100;16384;78.2299;3179756-3167513-3171884-3162178-3168705-3167231-3170386-3160206;42
reference/popc-bitwise;100;16384;77.5398;3179756-3167513-3171884-3162178-3168705-3167231-3170386-3160206;42
reference/popc-bitwise;100;16384;85.7223;3179756-3167513-3171884-3162178-3168705-3167231-3170386-3160206;42
reference/popc-bitwise;100;16384;78.2144;3179756-3167513-3171884-3162178-3168705-3167231-3170386-3160206;42
reference/popc-bitwise;100;16384;85.7414;3179756-3167513-3171884-3162178-3168705-3167231-3170386-3160206;42
reference/popc-bitwise;100;16384;78.1951;3179756-3167513-3171884-3162178-3168705-3167231-3170386-3160206;42
reference/popc-bitwise;100;16384;77.5228;3179756-3167513-3171884-3162178-3168705-3167231-3170386-3160206;42
reference/popc-bitwise;100;32768;328.166;12679327-12670776-12689068-12691941-12691084-12694893-12679945-12672771;42
reference/popc-bitwise;100;32768;327.429;12679327-12670776-12689068-12691941-12691084-12694893-12679945-12672771;42
reference/popc-bitwise;100;32768;327.092;12679327-12670776-12689068-12691941-12691084-12694893-12679945-12672771;42
reference/popc-bitwise;100;32768;327.392;12679327-12670776-12689068-12691941-12691084-12694893-12679945-12672771;42
reference/popc-bitwise;100;32768;317.992;12679327-12670776-12689068-12691941-12691084-12694893-12679945-12672771;42
reference/popc-bitwise;100;32768;331.483;12679327-12670776-12689068-12691941-12691084-12694893-12679945-12672771;42
reference/popc-bitwise;100;32768;326.467;12679327-12670776-12689068-12691941-12691084-12694893-12679945-12672771;42
reference/popc-bitwise;100;32768;330.608;12679327-12670776-12689068-12691941-12691084-12694893-12679945-12672771;42
reference/popc-bitwise;100;32768;322.116;12679327-12670776-12689068-12691941-12691084-12694893-12679945-12672771;42
reference/popc-bitwise;100;32768;320.446;12679327-12670776-12689068-12691941-12691084-12694893-12679945-12672771;42
reference/sota-adder;10000;2048;36.2895;15435-15464-14658-15267-15188-15107-14944-15355;42
reference/sota-adder;10000;2048;36.3024;15435-15464-14658-15267-15188-15107-14944-15355;42
reference/sota-adder;10000;2048;36.2939;15435-15464-14658-15267-15188-15107-14944-15355;42
reference/sota-adder;10000;2048;36.3661;15435-15464-14658-15267-15188-15107-14944-15355;42
reference/sota-adder;10000;2048;36.3148;15435-15464-14658-15267-15188-15107-14944-15355;42
reference/sota-adder;10000;2048;36.3141;15435-15464-14658-15267-15188-15107-14944-15355;42
reference/sota-adder;10000;2048;36.3223;15435-15464-14658-15267-15188-15107-14944-15355;42
reference/sota-adder;10000;2048;36.3299;15435-15464-14658-15267-15188-15107-14944-15355;42
reference/sota-adder;10000;2048;36.3159;15435-15464-14658-15267-15188-15107-14944-15355;42
reference/sota-adder;10000;2048;36.3369;15435-15464-14658-15267-15188-15107-14944-15355;42
reference/sota-adder;1000;4096;6.88624;89035-90350-90034-91756-94165-89991-92465-86116;42
reference/sota-adder;1000;4096;6.89062;89035-90350-90034-91756-94165-89991-92465-86116;42
reference/sota-adder;1000;4096;6.8887;89035-90350-90034-91756-94165-89991-92465-86116;42
reference/sota-adder;1000;4096;6.88099;89035-90350-90034-91756-94165-89991-92465-86116;42
reference/sota-adder;1000;4096;6.88698;89035-90350-90034-91756-94165-89991-92465-86116;42
reference/sota-adder;1000;4096;6.88314;89035-90350-90034-91756-94165-89991-92465-86116;42
reference/sota-adder;1000;4096;6.88387;89035-90350-90034-91756-94165-89991-92465-86116;42
reference/sota-adder;1000;4096;6.88573;89035-90350-90034-91756-94165-89991-92465-86116;42
reference/sota-adder;1000;4096;6.89152;89035-90350-90034-91756-94165-89991-92465-86116;42
reference/sota-adder;1000;4096;6.88682;89035-90350-90034-91756-94165-89991-92465-86116;42
reference/sota-adder;1000;8192;27.5028;355861-363108-365343-361855-360039-363070-364987-360278;42
reference/sota-adder;1000;8192;27.5627;355861-363108-365343-361855-360039-363070-364987-360278;42
reference/sota-adder;1000;8192;27.5374;355861-363108-365343-361855-360039-363070-364987-360278;42
reference/sota-adder;1000;8192;27.5691;355861-363108-365343-361855-360039-363070-364987-360278;42
reference/sota-adder;1000;8192;27.5599;355861-363108-365343-361855-360039-363070-364987-360278;42
reference/sota-adder;1000;8192;27.5455;355861-363108-365343-361855-360039-363070-364987-360278;42
reference/sota-adder;1000;8192;27.5697;355861-363108-365343-361855-360039-363070-364987-360278;42
reference/sota-adder;1000;8192;27.5618;355861-363108-365343-361855-360039-363070-364987-360278;42
reference/sota-adder;1000;8192;27.5551;355861-363108-365343-361855-360039-363070-364987-360278;42
reference/sota-adder;1000;8192;27.5523;355861-363108-365343-361855-360039-363070-364987-360278;42
reference/sota-adder;100;16384;9.82326;3179756-3167513-3171884-3162178-3168705-3167231-3170386-3160206;42
reference/sota-adder;100;16384;9.82934;3179756-3167513-3171884-3162178-3168705-3167231-3170386-3160206;42
reference/sota-adder;100;16384;9.84387;3179756-3167513-3171884-3162178-3168705-3167231-3170386-3160206;42
reference/sota-adder;100;16384;9.82227;3179756-3167513-3171884-3162178-3168705-3167231-3170386-3160206;42
reference/sota-adder;100;16384;9.84493;3179756-3167513-3171884-3162178-3168705-3167231-3170386-3160206;42
reference/sota-adder;100;16384;9.84595;3179756-3167513-3171884-3162178-3168705-3167231-3170386-3160206;42
reference/sota-adder;100;16384;9.82298;3179756-3167513-3171884-3162178-3168705-3167231-3170386-3160206;42
reference/sota-adder;100;16384;9.83018;3179756-3167513-3171884-3162178-3168705-3167231-3170386-3160206;42
reference/sota-adder;100;16384;9.82704;3179756-3167513-3171884-3162178-3168705-3167231-3170386-3160206;42
reference/sota-adder;100;16384;9.83194;3179756-3167513-3171884-3162178-3168705-3167231-3170386-3160206;42
reference/sota-adder;100;32768;39.1939;12679327-12670776-12689068-12691941-12691084-12694893-12679945-12672771;42
reference/sota-adder;100;32768;39.1873;12679327-12670776-12689068-12691941-12691084-12694893-12679945-12672771;42
reference/sota-adder;100;32768;39.1645;12679327-12670776-12689068-12691941-12691084-12694893-12679945-12672771;42
reference/sota-adder;100;32768;39.1444;12679327-12670776-12689068-12691941-12691084-12694893-12679945-12672771;42
reference/sota-adder;100;32768;39.161;12679327-12670776-12689068-12691941-12691084-12694893-12679945-12672771;42
reference/sota-adder;100;32768;39.1788;12679327-12670776-12689068-12691941-12691084-12694893-12679945-12672771;42
reference/sota-adder;100;32768;39.1268;12679327-12670776-12689068-12691941-12691084-12694893-12679945-12672771;42
reference/sota-adder;100;32768;39.1367;12679327-12670776-12689068-12691941-12691084-12694893-12679945-12672771;42
reference/sota-adder;100;32768;39.1924;12679327-12670776-12689068-12691941-12691084-12694893-12679945-12672771;42
reference/sota-adder;100;32768;39.1927;12679327-12670776-12689068-12691941-12691084-12694893-12679945-12672771;42
reference/popc-bitwise-macro;10000;2048;119.201;15435-15464-14658-15267-15188-15107-14944-15355;42
reference/popc-bitwise-macro;10000;2048;119.199;15435-15464-14658-15267-15188-15107-14944-15355;42
reference/popc-bitwise-macro;10000;2048;119.132;15435-15464-14658-15267-15188-15107-14944-15355;42
reference/popc-bitwise-macro;10000;2048;119.095;15435-15464-14658-15267-15188-15107-14944-15355;42
reference/popc-bitwise-macro;10000;2048;119.036;15435-15464-14658-15267-15188-15107-14944-15355;42
reference/popc-bitwise-macro;10000;2048;119.032;15435-15464-14658-15267-15188-15107-14944-15355;42
reference/popc-bitwise-macro;10000;2048;118.998;15435-15464-14658-15267-15188-15107-14944-15355;42
reference/popc-bitwise-macro;10000;2048;119.015;15435-15464-14658-15267-15188-15107-14944-15355;42
reference/popc-bitwise-macro;10000;2048;119.003;15435-15464-14658-15267-15188-15107-14944-15355;42
reference/popc-bitwise-macro;10000;2048;118.986;15435-15464-14658-15267-15188-15107-14944-15355;42
reference/popc-bitwise-macro;1000;4096;33.8204;89035-90350-90034-91756-94165-89991-92465-86116;42
reference/popc-bitwise-macro;1000;4096;33.8518;89035-90350-90034-91756-94165-89991-92465-86116;42
reference/popc-bitwise-macro;1000;4096;33.7476;89035-90350-90034-91756-94165-89991-92465-86116;42
reference/popc-bitwise-macro;1000;4096;33.8435;89035-90350-90034-91756-94165-89991-92465-86116;42
reference/popc-bitwise-macro;1000;4096;33.7686;89035-90350-90034-91756-94165-89991-92465-86116;42
reference/popc-bitwise-macro;1000;4096;33.7705;89035-90350-90034-91756-94165-89991-92465-86116;42
reference/popc-bitwise-macro;1000;4096;33.795;89035-90350-90034-91756-94165-89991-92465-86116;42
reference/popc-bitwise-macro;1000;4096;33.7689;89035-90350-90034-91756-94165-89991-92465-86116;42
reference/popc-bitwise-macro;1000;4096;33.7804;89035-90350-90034-91756-94165-89991-92465-86116;42
reference/popc-bitwise-macro;1000;4096;33.8167;89035-90350-90034-91756-94165-89991-92465-86116;42
reference/popc-bitwise-macro;1000;8192;120.304;355861-363108-365343-361855-360039-363070-364987-360278;42
reference/popc-bitwise-macro;1000;8192;116.588;355861-363108-365343-361855-360039-363070-364987-360278;42
reference/popc-bitwise-macro;1000;8192;116.615;355861-363108-365343-361855-360039-363070-364987-360278;42
reference/popc-bitwise-macro;1000;8192;116.62;355861-363108-365343-361855-360039-363070-364987-360278;42
reference/popc-bitwise-macro;1000;8192;116.603;355861-363108-365343-361855-360039-363070-364987-360278;42
reference/popc-bitwise-macro;1000;8192;116.6;355861-363108-365343-361855-360039-363070-364987-360278;42
reference/popc-bitwise-macro;1000;8192;116.604;355861-363108-365343-361855-360039-363070-364987-360278;42
reference/popc-bitwise-macro;1000;8192;116.606;355861-363108-365343-361855-360039-363070-364987-360278;42
reference/popc-bitwise-macro;1000;8192;116.618;355861-363108-365343-361855-360039-363070-364987-360278;42
reference/popc-bitwise-macro;1000;8192;116.604;355861-363108-365343-361855-360039-363070-364987-360278;42
reference/popc-bitwise-macro;100;16384;55.19;3179756-3167513-3171884-3162178-3168705-3167231-3170386-3160206;42
reference/popc-bitwise-macro;100;16384;55.1981;3179756-3167513-3171884-3162178-3168705-3167231-3170386-3160206;42
reference/popc-bitwise-macro;100;16384;55.2165;3179756-3167513-3171884-3162178-3168705-3167231-3170386-3160206;42
reference/popc-bitwise-macro;100;16384;55.2103;3179756-3167513-3171884-3162178-3168705-3167231-3170386-3160206;42
reference/popc-bitwise-macro;100;16384;55.2265;3179756-3167513-3171884-3162178-3168705-3167231-3170386-3160206;42
reference/popc-bitwise-macro;100;16384;55.2;3179756-3167513-3171884-3162178-3168705-3167231-3170386-3160206;42
reference/popc-bitwise-macro;100;16384;55.2104;3179756-3167513-3171884-3162178-3168705-3167231-3170386-3160206;42
reference/popc-bitwise-macro;100;16384;55.2007;3179756-3167513-3171884-3162178-3168705-3167231-3170386-3160206;42
reference/popc-bitwise-macro;100;16384;55.1961;3179756-3167513-3171884-3162178-3168705-3167231-3170386-3160206;42
reference/popc-bitwise-macro;100;16384;55.196;3179756-3167513-3171884-3162178-3168705-3167231-3170386-3160206;42
reference/popc-bitwise-macro;100;32768;204.812;12679327-12670776-12689068-12691941-12691084-12694893-12679945-12672771;42
reference/popc-bitwise-macro;100;32768;206.384;12679327-12670776-12689068-12691941-12691084-12694893-12679945-12672771;42
reference/popc-bitwise-macro;100;32768;201.383;12679327-12670776-12689068-12691941-12691084-12694893-12679945-12672771;42
reference/popc-bitwise-macro;100;32768;209.569;12679327-12670776-12689068-12691941-12691084-12694893-12679945-12672771;42
reference/popc-bitwise-macro;100;32768;205.006;12679327-12670776-12689068-12691941-12691084-12694893-12679945-12672771;42
reference/popc-bitwise-macro;100;32768;200.118;12679327-12670776-12689068-12691941-12691084-12694893-12679945-12672771;42
reference/popc-bitwise-macro;100;32768;207.625;12679327-12670776-12689068-12691941-12691084-12694893-12679945-12672771;42
reference/popc-bitwise-macro;100;32768;211.727;12679327-12670776-12689068-12691941-12691084-12694893-12679945-12672771;42
reference/popc-bitwise-macro;100;32768;209.124;12679327-12670776-12689068-12691941-12691084-12694893-12679945-12672771;42
reference/popc-bitwise-macro;100;32768;198.289;12679327-12670776-12689068-12691941-12691084-12694893-12679945-12672771;42
reference/tiled-bitwise-macro;10000;2048;77.3553;15435-15464-14658-15267-15188-15107-14944-15355;42
reference/tiled-bitwise-macro;10000;2048;77.308;15435-15464-14658-15267-15188-15107-14944-15355;42
reference/tiled-bitwise-macro;10000;2048;77.288;15435-15464-14658-15267-15188-15107-14944-15355;42
reference/tiled-bitwise-macro;10000;2048;77.27;15435-15464-14658-15267-15188-15107-14944-15355;42
reference/tiled-bitwise-macro;10000;2048;77.2551;15435-15464-14658-15267-15188-15107-14944-15355;42
reference/tiled-bitwise-macro;10000;2048;77.2328;15435-15464-14658-15267-15188-15107-14944-15355;42
reference/tiled-bitwise-macro;10000;2048;77.2561;15435-15464-14658-15267-15188-15107-14944-15355;42
reference/tiled-bitwise-macro;10000;2048;77.2518;15435-15464-14658-15267-15188-15107-14944-15355;42
reference/tiled-bitwise-macro;10000;2048;77.2559;15435-15464-14658-15267-15188-15107-14944-15355;42
reference/tiled-bitwise-macro;10000;2048;77.2612;15435-15464-14658-15267-15188-15107-14944-15355;42
reference/tiled-bitwise-macro;1000;4096;22.2455;89035-90350-90034-91756-94165-89991-92465-86116;42
reference/tiled-bitwise-macro;1000;4096;22.2546;89035-90350-90034-91756-94165-89991-92465-86116;42
reference/tiled-bitwise-macro;1000;4096;22.2559;89035-90350-90034-91756-94165-89991-92465-86116;42
reference/tiled-bitwise-macro;1000;4096;22.2531;89035-90350-90034-91756-94165-89991-92465-86116;42
reference/tiled-bitwise-macro;1000;4096;22.2503;89035-90350-90034-91756-94165-89991-92465-86116;42
reference/tiled-bitwise-macro;1000;4096;22.2545;89035-90350-90034-91756-94165-89991-92465-86116;42
reference/tiled-bitwise-macro;1000;4096;22.2536;89035-90350-90034-91756-94165-89991-92465-86116;42
reference/tiled-bitwise-macro;1000;4096;22.2488;89035-90350-90034-91756-94165-89991-92465-86116;42
reference/tiled-bitwise-macro;1000;4096;22.2571;89035-90350-90034-91756-94165-89991-92465-86116;42
reference/tiled-bitwise-macro;1000;4096;22.2532;89035-90350-90034-91756-94165-89991-92465-86116;42
reference/tiled-bitwise-macro;1000;8192;73.4157;355861-363108-365343-361855-360039-363070-364987-360278;42
reference/tiled-bitwise-macro;1000;8192;73.4147;355861-363108-365343-361855-360039-363070-364987-360278;42
reference/tiled-bitwise-macro;1000;8192;73.4153;355861-363108-365343-361855-360039-363070-364987-360278;42
reference/tiled-bitwise-macro;1000;8192;73.4099;355861-363108-365343-361855-360039-363070-364987-360278;42
reference/tiled-bitwise-macro;1000;8192;73.4046;355861-363108-365343-361855-360039-363070-364987-360278;42
reference/tiled-bitwise-macro;1000;8192;73.402;355861-363108-365343-361855-360039-363070-364987-360278;42
reference/tiled-bitwise-macro;1000;8192;73.4254;355861-363108-365343-361855-360039-363070-364987-360278;42
reference/tiled-bitwise-macro;1000;8192;73.413;355861-363108-365343-361855-360039-363070-364987-360278;42
reference/tiled-bitwise-macro;1000;8192;80.9324;355861-363108-365343-361855-360039-363070-364987-360278;42
reference/tiled-bitwise-macro;1000;8192;80.9485;355861-363108-365343-361855-360039-363070-364987-360278;42
reference/tiled-bitwise-macro;100;16384;31.0578;3179756-3167513-3171884-3162178-3168705-3167231-3170386-3160206;42
reference/tiled-bitwise-macro;100;16384;31.0563;3179756-3167513-3171884-3162178-3168705-3167231-3170386-3160206;42
reference/tiled-bitwise-macro;100;16384;31.0542;3179756-3167513-3171884-3162178-3168705-3167231-3170386-3160206;42
reference/tiled-bitwise-macro;100;16384;31.054;3179756-3167513-3171884-3162178-3168705-3167231-3170386-3160206;42
reference/tiled-bitwise-macro;100;16384;31.0569;3179756-3167513-3171884-3162178-3168705-3167231-3170386-3160206;42
reference/tiled-bitwise-macro;100;16384;31.0548;3179756-3167513-3171884-3162178-3168705-3167231-3170386-3160206;42
reference/tiled-bitwise-macro;100;16384;31.0531;3179756-3167513-3171884-3162178-3168705-3167231-3170386-3160206;42
reference/tiled-bitwise-macro;100;16384;31.0564;3179756-3167513-3171884-3162178-3168705-3167231-3170386-3160206;42
reference/tiled-bitwise-macro;100;16384;31.0588;3179756-3167513-3171884-3162178-3168705-3167231-3170386-3160206;42
reference/tiled-bitwise-macro;100;16384;31.049;3179756-3167513-3171884-3162178-3168705-3167231-3170386-3160206;42
reference/tiled-bitwise-macro;100;32768;120.108;12679327-12670776-12689068-12691941-12691084-12694893-12679945-12672771;42
reference/tiled-bitwise-macro;100;32768;122.293;12679327-12670776-12689068-12691941-12691084-12694893-12679945-12672771;42
reference/tiled-bitwise-macro;100;32768;122.963;12679327-12670776-12689068-12691941-12691084-12694893-12679945-12672771;42